epoch_index,train_serial,train_loss,train_elapsed_time,train_map,train_map_50,train_map_75,val_loss,val_elapsed_time,val_map,val_map_50,val_map_75
0,20231018_012305,0.34508115092276137,699.303231716156,0.49178126,0.5878441,0.57720095,0.09560292651728979,105.36683392524719,0.8412144,0.9994121,0.9994121
1,20231018_012305,0.04561162633012231,682.114687204361,0.9199037,1.0,0.99922585,0.02857352669040362,103.96700692176819,0.9407785,0.9997945,0.9997945
2,20231018_012305,0.023866829576388915,679.5791311264038,0.96279514,1.0,1.0,0.01864031824978098,104.014169216156,0.96862274,0.9998292,0.9998292
